52chengji.com,51chengji.cn,52chengji.cn,ichengji.com.cn,51chengji.com.cn,52chengji.com.cn,ichengji.net,52chengji.net,ichengji.cc,51chengji.cc,52chengji.cc,
51wanzi.com,52wanzi.com,51wanzi.cn,iwanzi.com.cn,51wanzi.com.cn,52wanzi.com.cn,51wanzi.net,52wanzi.net,iwanzi.cc,51wanzi.cc,52wanzi.cc,
imouguo.com,51mouguo.com,52mouguo.com,imouguo.cn,51mouguo.cn,52mouguo.cn,mouguo.com.cn,imouguo.com.cn,51mouguo.com.cn,52mouguo.com.cn,mouguo.net,imouguo.net,51mouguo.net,52mouguo.net,imouguo.cc,51mouguo.cc,52mouguo.cc,
ijingzai.com,51jingzai.com,52jingzai.com,ijingzai.cn,51jingzai.cn,52jingzai.cn,ijingzai.com.cn,51jingzai.com.cn,52jingzai.com.cn,jingzai.net,ijingzai.net,51jingzai.net,52jingzai.net,jingzai.cc,ijingzai.cc,51jingzai.cc,52jingzai.cc,
51yiyi.com.cn,52yiyi.com.cn,51yiyi.net,51yiyi.cc,
52guoyi.com,52guoyi.cn,52guoyi.com.cn,iguoyi.net,52guoyi.net,iguoyi.cc,51guoyi.cc,52guoyi.cc,
52yitong.com,51yitong.cn,52yitong.cn,51yitong.com.cn,52yitong.com.cn,51yitong.net,52yitong.net,iyitong.cc,51yitong.cc,52yitong.cc,
51buzai.com,52buzai.com,51buzai.cn,52buzai.cn,ibuzai.com.cn,51buzai.com.cn,52buzai.com.cn,ibuzai.net,51buzai.net,52buzai.net,ibuzai.cc,51buzai.cc,52buzai.cc,
51kaiyi.com,52kaiyi.com,ikaiyi.cn,51kaiyi.cn,52kaiyi.cn,ikaiyi.com.cn,51kaiyi.com.cn,52kaiyi.com.cn,ikaiyi.net,51kaiyi.net,52kaiyi.net,ikaiyi.cc,51kaiyi.cc,52kaiyi.cc,
52mimi.net,51mimi.cc,
51hougong.com,52hougong.com,ihougong.cn,51hougong.cn,52hougong.cn,ihougong.com.cn,51hougong.com.cn,52hougong.com.cn,ihougong.net,51hougong.net,52hougong.net,ihougong.cc,51hougong.cc,52hougong.cc,
ixiangzai.com,51xiangzai.com,52xiangzai.com,ixiangzai.cn,51xiangzai.cn,52xiangzai.cn,ixiangzai.com.cn,51xiangzai.com.cn,52xiangzai.com.cn,xiangzai.net,ixiangzai.net,51xiangzai.net,52xiangzai.net,ixiangzai.cc,51xiangzai.cc,52xiangzai.cc,
51guokai.com,52guokai.com,iguokai.cn,51guokai.cn,52guokai.cn,iguokai.com.cn,51guokai.com.cn,52guokai.com.cn,iguokai.net,51guokai.net,52guokai.net,iguokai.cc,51guokai.cc,52guokai.cc,
51gaoyi.com,52gaoyi.com,51gaoyi.cn,52gaoyi.cn,igaoyi.com.cn,51gaoyi.com.cn,52gaoyi.com.cn,igaoyi.net,51gaoyi.net,52gaoyi.net,igaoyi.cc,51gaoyi.cc,52gaoyi.cc,
51gaochu.com,52gaochu.com,igaochu.cn,51gaochu.cn,52gaochu.cn,igaochu.com.cn,51gaochu.com.cn,52gaochu.com.cn,igaochu.net,51gaochu.net,52gaochu.net,igaochu.cc,51gaochu.cc,52gaochu.cc,
izaigong.com,51zaigong.com,52zaigong.com,izaigong.cn,51zaigong.cn,52zaigong.cn,izaigong.com.cn,51zaigong.com.cn,52zaigong.com.cn,izaigong.net,51zaigong.net,52zaigong.net,zaigong.cc,izaigong.cc,51zaigong.cc,52zaigong.cc,
51zongmei.com,52zongmei.com,izongmei.cn,51zongmei.cn,52zongmei.cn,izongmei.com.cn,51zongmei.com.cn,52zongmei.com.cn,izongmei.net,51zongmei.net,52zongmei.net,izongmei.cc,51zongmei.cc,52zongmei.cc,
ihouzong.com,51houzong.com,52houzong.com,ihouzong.cn,51houzong.cn,52houzong.cn,ihouzong.com.cn,51houzong.com.cn,52houzong.com.cn,ihouzong.net,51houzong.net,52houzong.net,ihouzong.cc,51houzong.cc,52houzong.cc,
51mishi.com.cn,51mishi.net,52mishi.net,imishi.cc,51mishi.cc,52mishi.cc,
itongmou.com,51tongmou.com,52tongmou.com,itongmou.cn,51tongmou.cn,52tongmou.cn,itongmou.com.cn,51tongmou.com.cn,52tongmou.com.cn,itongmou.net,51tongmou.net,52tongmou.net,itongmou.cc,51tongmou.cc,52tongmou.cc,
iqishi.com.cn,51qishi.com.cn,iqishi.net,51qishi.net,52qishi.net,iqishi.cc,51qishi.cc,52qishi.cc,
igongjing.com,51gongjing.com,52gongjing.com,igongjing.cn,51gongjing.cn,52gongjing.cn,igongjing.com.cn,51gongjing.com.cn,52gongjing.com.cn,igongjing.net,51gongjing.net,52gongjing.net,igongjing.cc,51gongjing.cc,52gongjing.cc,
ikaici.com,51kaici.com,52kaici.com,ikaici.cn,51kaici.cn,52kaici.cn,ikaici.com.cn,51kaici.com.cn,52kaici.com.cn,ikaici.net,51kaici.net,52kaici.net,ikaici.cc,51kaici.cc,52kaici.cc,
ijingshi.cn,51jingshi.cn,ijingshi.com.cn,51jingshi.com.cn,52jingshi.com.cn,ijingshi.net,51jingshi.net,52jingshi.net,ijingshi.cc,51jingshi.cc,52jingshi.cc,
52tongyi.com,52tongyi.cn,itongyi.com.cn,51tongyi.com.cn,52tongyi.com.cn,51tongyi.net,52tongyi.net,itongyi.cc,51tongyi.cc,52tongyi.cc,
52jingjing.cn,ijingjing.com.cn,51jingjing.com.cn,52jingjing.com.cn,51jingjing.net,52jingjing.net,ijingjing.cc,52jingjing.cc,
51meitong.cn,51meitong.com.cn,52meitong.com.cn,51meitong.net,52meitong.net,imeitong.cc,51meitong.cc,52meitong.cc,
izongjue.com,51zongjue.com,52zongjue.com,izongjue.cn,51zongjue.cn,52zongjue.cn,zongjue.com.cn,izongjue.com.cn,51zongjue.com.cn,52zongjue.com.cn,zongjue.net,izongjue.net,51zongjue.net,52zongjue.net,izongjue.cc,51zongjue.cc,52zongjue.cc,
52meiyi.cn,imeiyi.com.cn,51meiyi.com.cn,52meiyi.com.cn,imeiyi.net,52meiyi.net,imeiyi.cc,51meiyi.cc,52meiyi.cc,
51guojin.com,